id,content,created_at,updated_at,user_id,story_id
3,Awesome Story Badepapa!,2024-12-28 08:50:13.0761,2024-12-28 08:50:13.0761,4,3
4,Excellent story ,2024-12-28 19:39:48.248221,2024-12-28 19:39:48.248221,5,11
5,"My take, being technologically illiterate.
â€¦â€¦â€¦
No doubt, in modern advancing age AI is a powerful system for getting quick solutions of troubling problems but at the same time its uses and implementations require carefulness to avoid unethical and other unwarranted unsocial effects.
Checks & brakes always needed to take a balancing path. 
Subhash Sharma
30 Decâ€™24",2024-12-30 16:14:00.46098,2024-12-30 16:14:00.46098,6,3
6,very informative! ,2024-12-30 19:26:14.257915,2024-12-30 19:26:14.257915,7,17
8,ðŸ”¥,2025-01-12 04:28:56.987103,2025-01-12 04:28:56.987103,9,19
9,Very well written when inspiring learning ! ,2025-03-15 14:15:13.592332,2025-03-15 14:15:13.592332,8,23
